{"validation_loss": 3.0411856174468994, "bleu": 15.515495764156181}