{"validation_loss": 3.182509422302246, "bleu": 13.752936267721774}