{"validation_loss": 2.736992359161377, "bleu": 17.710216178533837}