{"validation_loss": 3.549124240875244, "bleu": 11.011379531890853}