{"validation_loss": 2.5521180629730225, "bleu": 20.685665470062933}