{"validation_loss": 3.361586570739746, "bleu": 12.71932706035836}