{"validation_loss": 4.510828495025635, "bleu": 9.232737654674008}