{"validation_loss": 2.9137043952941895, "bleu": 17.49240007526407}