{"validation_loss": 3.770782947540283, "bleu": 10.213645654951598}