{"validation_loss": 2.609665870666504, "bleu": 20.080755259027427}