{"validation_loss": 2.663539171218872, "bleu": 20.195050059283684}