{"validation_loss": 4.058584690093994, "bleu": 10.021050608706513}