{"validation_loss": 2.8014097213745117, "bleu": 19.284353457449125}